{
  "section_id": "uuid",
  "template": "sections/banners.jinja",
  "icon": "fal fa-sparkles",
  "name": {
    "ar": "بانرات",
    "en": "Banners"
  },
  "settings": [
    {
      "id": "hide_element",
      "type": "checkbox",
      "label": {
        "ar": "إخفاء العنصر من الصفحة",
        "en": "Hide element from page"
      }
    },
    {
      "id": "no_rounded",
      "type": "checkbox",
      "label": {
        "ar": "بدون حواف دائرية",
        "en": "No rounded edges"
      }
    },
    {
      "id": "no_padding",
      "type": "checkbox",
      "label": {
        "ar": "إزالة المسافات بين هذا العنصر والعناصر المجاورة",
        "en": "Remove spacing between this element and adjacent elements"
      }
    },
    {
      "id": "stack_banners_mobile",
      "type": "checkbox",
      "label": {
        "ar": "عرض البنرات اسفل بعض ف الجوال",
        "en": "Display banners stacked on mobile"
      }
    },
    {
      "id": "background_color",
      "type": "color",
      "label": {
        "ar": "لون الخلفية",
        "en": "background color"
      }
    },
    {
      "id": "text_color",
      "type": "color",
      "label": {
        "ar": "لون النص",
        "en": "text color"
      }
    },
    {
      "id": "small_subtitle",
      "type": "text",
      "label": {
        "ar": "عنوان ترويجي",
        "en": "Promotional title"
      }
    },
    {
      "id": "title",
      "type": "text",
      "label": {
        "ar": "العنوان الرئيسي",
        "en": "title"
      }
    },
    {
      "id": "small_text",
      "type": "text",
      "label": {
        "ar": "نص اضافي",
        "en": "additional text"
      }
    },
    {
      "id": "items",
      "type": "list",
      "label": {
        "ar": "الصورة",
        "en": "Picture"
      },
      "settings": [
        {
          "id": "image",
          "type": "image",
          "label": {
            "ar": "الصورة",
            "en": "Image"
          },
          "info": {
            "ar": "مقاس الصورة 2881 عرض * 961 طول",
            "en": "Image size: 2881 width * 961 height"
          }
        },
        {
          "id": "image_mobile",
          "type": "image",
          "label": {
            "ar": "صورة الجوال",
            "en": "Mobile Image"
          },
          "info": {
            "ar": "مقاس الصورة 768 عرض * 983 طول",
            "en": "Image size: 768 width * 983 height"
          }
        },
        {
          "id": "url",
          "type": "url",
          "label": {
            "ar": "الرابط",
            "en": "Link"
          }
        }
      ]
    }
  ]
}
