{
  "section_id": "uuid",
  "template": "sections/brands-style-2.jinja",
  "icon": "fal fa-sparkles",
  "name": {
    "ar": "ماركات شكل 2",
    "en": "Brands style 2"
  },
  "settings": [
    {
      "id": "hide_element",
      "type": "checkbox",
      "label": {
        "ar": "إخفاء العنصر من الصفحة",
        "en": "Hide element from page"
      }
    },
    {
      "id": "small_subtitle",
      "type": "text",
      "label": {
        "ar": "عنوان ترويجي",
        "en": "Promotional title"
      }
    },
    {
      "id": "title",
      "type": "text",
      "label": {
        "ar": "العنوان الرئيسي",
        "en": "title"
      }
    },
    {
      "id": "small_text",
      "type": "text",
      "label": {
        "ar": "نص اضافي",
        "en": "additional text"
      }
    },
    {
      "id": "reverse_duplication",
      "type": "checkbox",
      "label": {
        "ar": "إلغاء تكرار العنصر",
        "en": "Cancel reverse item"
      }
    },
    {
      "id": "brands_style_2",
      "type": "list",
      "max_items": 100,
      "label": {
        "ar": "الصورة",
        "en": "Picture"
      },
      "settings": [
        {
          "id": "image",
          "type": "image",
          "label": {
            "ar": "الصورة",
            "en": "Image"
          },
          "info": {
            "ar": "مقاس الصورة 100 عرض * 100 طول",
            "en": "Image size: 100 width * 100 height"
          }
        },
        {
          "id": "url",
          "type": "url",
          "label": {
            "ar": "الرابط",
            "en": "Link"
          }
        }
      ]
    }
  ]
}
