{
  "section_id": "uuid",
  "template": "sections/compare-content.jinja",
  "icon": "fal fa-presentation",
  "name": {
    "ar": "مقارنة",
    "en": "Compare"
  },
  "settings": [
    {
      "id": "hide_element",
      "type": "checkbox",
      "label": {
        "ar": "إخفاء العنصر من الصفحة",
        "en": "Hide element from page"
      }
    },
    {
      "id": "image_1",
      "type": "image",
      "label": {
        "ar": "الصورة 1",
        "en": "Image 1"
      }
    },
    {
      "id": "title_1",
      "type": "text",
      "label": {
        "ar": "عنوان الصورة 1",
        "en": "Title image 1"
      }
    },
    {
      "id": "image_2",
      "type": "image",
      "label": {
        "ar": "الصورة 2",
        "en": "Image 2"
      }
    },
    {
      "id": "title_2",
      "type": "text",
      "label": {
        "ar": "عنوان الصورة 2",
        "en": "Title image 2"
      }
    },
    {
      "id": "sub_title",
      "type": "text",
      "label": {
        "ar": "العنوان الفرعي",
        "en": "Sub title"
      }
    },
    {
      "id": "title",
      "type": "text",
      "label": {
        "ar": "العنوان الرئيسي",
        "en": "Title"
      }
    },
    {
      "id": "additional_text",
      "type": "textarea",
      "label": {
        "ar": "نص إضافي",
        "en": "Additional text"
      }
    },
    {
      "id": "btn_text",
      "type": "text",
      "label": {
        "ar": "نص الزر",
        "en": "Button text"
      }
    },
    {
      "id": "url",
      "type": "url",
      "label": {
        "ar": "الرابط",
        "en": "Link"
      }
    }
  ]
}
