{
  "section_id": "uuid",
  "template": "sections/features-section.jinja",
  "icon": "fal fa-sparkles",
  "name": {
    "ar": "مميزات المتجر ",
    "en": "store features"
  },
  "settings": [
    {
      "id": "hide_element",
      "type": "checkbox",
      "label": {
        "ar": "إخفاء العنصر من الصفحة",
        "en": "Hide element from page"
      }
    },
    {
      "id": "small_subtitle",
      "type": "text",
      "label": {
        "ar": "عنوان ترويجي",
        "en": "Promotional title"
      }
    },
    {
      "id": "title",
      "type": "text",
      "label": {
        "ar": "العنوان الرئيسي",
        "en": "Title"
      }
    },
    {
      "id": "small_text",
      "type": "text",
      "label": {
        "ar": "نص إضافي",
        "en": "Additional text"
      }
    },
    {
      "id": "store_features",
      "type": "list",
      "label": {
        "ar": "الخصائص",
        "en": "Features"
      },
      "settings": [
        {
          "id": "image",
          "type": "image",
          "label": {
            "ar": "الصورة",
            "en": "Image"
          },
          "info": {
            "ar": "مقاس الصورة 60 عرض * 60 طول",
            "en": "Image size: 60 width * 60 height"
          }
        },
        {
          "id": "title",
          "type": "text",
          "label": {
            "ar": "العنوان",
            "en": "Title"
          }
        },
        {
          "id": "sub_title",
          "type": "text",
          "label": {
            "ar": "العنوان الفرعي",
            "en": "Sub title"
          }
        }
      ]
    }
  ]
}
