{
  "section_id": "uuid",
  "template": "sections/blogs.jinja",
  "icon": "fal fa-images",
  "name": {
    "ar": "المدونة",
    "en": "blogs"
  },
  "settings": [
    {
      "id": "hide_element",
      "type": "checkbox",
      "label": {
        "ar": "إخفاء العنصر من الصفحة",
        "en": "Hide element from page"
      }
    },
    {
      "id": "small_subtitle",
      "type": "text",
      "label": {
        "ar": "عنوان ترويجي",
        "en": "Promotional title"
      }
    },
    {
      "id": "title",
      "type": "text",
      "label": {
        "ar": "العنوان الرئيسي",
        "en": "title"
      }
    },
    {
      "id": "small_text",
      "type": "text",
      "label": {
        "ar": "نص اضافي",
        "en": "additional text"
      }
    },
    {
      "id": "blogs",
      "type": "list",
      "max_items": 100,
      "label": {
        "ar": "مقال",
        "en": "blog"
      },
      "settings": [
        {
          "id": "image",
          "type": "image",
          "label": {
            "ar": "الصورة",
            "en": "Image"
          }
        },
        {
          "id": "title",
          "type": "text",
          "label": {
            "ar": "العنوان",
            "en": "title"
          }
        },
        {
          "id": "sub_title",
          "type": "text",
          "label": {
            "ar": "عنوان فرعي",
            "en": "sub title"
          }
        },
        {
          "id": "url",
          "type": "url",
          "label": {
            "ar": "الرابط",
            "en": "Link"
          }
        },
        {
          "id": "btn_text",
          "type": "text",
          "label": {
            "ar": "نص الزر",
            "en": "Btn text"
          }
        }
      ]
    }
  ]
}
