{
  "section_id": "uuid",
  "template": "sections/branches.jinja",
  "icon": "fal fa-cabinet-filing",
  "name": {
    "ar": "الفروع",
    "en": "branches"
  },
  "settings": [
    {
      "id": "hide_element",
      "type": "checkbox",
      "label": {
        "ar": "إخفاء العنصر من الصفحة",
        "en": "Hide element from page"
      }
    },
    {
      "id": "small_subtitle",
      "type": "text",
      "label": {
        "ar": "عنوان ترويجي",
        "en": "Promotional title"
      }
    },
    {
      "id": "title",
      "type": "text",
      "label": {
        "ar": "العنوان الرئيسي",
        "en": "title"
      }
    },
    {
      "id": "small_text",
      "type": "text",
      "label": {
        "ar": "نص اضافي",
        "en": "additional text"
      }
    },
    {
      "id": "branches",
      "type": "list",
      "max_items": 100,
      "label": {
        "ar": "الفروع",
        "en": "branches"
      },
      "settings": [
        {
          "id": "title",
          "type": "text",
          "label": {
            "ar": "العنوان",
            "en": "title"
          }
        },
        {
          "id": "map",
          "type": "textarea",
          "label": {
            "ar": "المكان علي الخريطة",
            "en": "location on map"
          }
        }
      ]
    }
  ]
}
