{
  "section_id": "uuid",
  "template": "sections/category-style2.jinja",
  "icon": "fal fa-sparkles",
  "name": {
    "ar": "روابط سريعة شكل 2",
    "en": "quick links style 2"
  },
  "settings": [
    {
      "id": "hide_element",
      "type": "checkbox",
      "label": {
        "ar": "إخفاء العنصر من الصفحة",
        "en": "Hide element from page"
      }
    },
    {
      "id": "small_subtitle",
      "type": "text",
      "label": {
        "ar": "عنوان ترويجي",
        "en": "Promotional title"
      }
    },
    {
      "id": "title",
      "type": "text",
      "label": {
        "ar": "العنوان الرئيسي",
        "en": "title"
      }
    },
    {
      "id": "small_text",
      "type": "text",
      "label": {
        "ar": "نص اضافي",
        "en": "additional text"
      }
    },
    {
      "id": "category_style2",
      "type": "list",
      "label": {
        "ar": "الصورة",
        "en": "Picture"
      },
      "max_items": 100,
      "settings": [
        {
          "id": "image",
          "type": "image",
          "label": {
            "ar": "الصورة",
            "en": "Image"
          },
          "info": {
            "ar": "مقاس الصورة 600 عرض * 496 طول",
            "en": "Image size: 600 width * 496 height"
          }
        },
        {
          "id": "title",
          "type": "text",
          "label": {
            "ar": "العنوان",
            "en": "title"
          }
        },
        {
          "id": "url",
          "type": "url",
          "label": {
            "ar": "الرابط",
            "en": "Link"
          }
        }
      ]
    }
  ]
}
