{
  "ar": {
    "about_us_des": "لوريم ابسيوم لوريم ابسيوم لوريم ابسيوم لوريم ابسيوم لوريم ابسيوم لوريم ابسيوم لوريم ابسيوم لوريم ابسيوم لوريم ابسيوم لوريم ابسيوم لوريم ابسيوم ",
    "links_1_hide": false,
    "links_2_hide": false,
    "links_2_links": [
      null,
      {
        "url": "/faqs",
        "title": "ابسيوم"
      }
    ],
    "links_2_title": "ابسيوم",
    "about_us_title": "من نحن",
    "social_media_title": "mm"
  },
  "en": {}
}