{
  "icon": "fa fa-square",
  "name": {
    "ar": "اعلى الصفحة",
    "en": "Header"
  },
  "groups": [
    {
      "id": "announcement_bar",
      "icon": "font_awesome",
      "name": {
        "ar": "شريط التنبيهات",
        "en": "Announcement bar"
      },
      "settings": [
        {
          "type": "checkbox",
          "id": "display",
          "label": {
            "ar": "إظهار",
            "en": "Display menu"
          }
        },
        {
          "type": "checkbox",
          "id": "stop_move",
          "label": {
            "ar": "ايقاف التحريك",
            "en": "Stop moving"
          }
        },
        {
          "id": "background_color",
          "type": "color",
          "label": {
            "ar": "لون الخلفية",
            "en": "background color"
          }
        },
        {
          "id": "advertisement_bar",
          "type": "list",
          "label": {
            "ar": "الاعلان",
            "en": "Advertisement"
          },
          "max_items": 100,
          "settings": [
            {
              "id": "image",
              "type": "image",
              "label": {
                "ar": "الصورة",
                "en": "Image"
              }
            },
            {
              "id": "text",
              "type": "text",
              "label": {
                "ar": "نص الاعلان",
                "en": "Text"
              }
            },
            {
              "id": "text_color",
              "type": "color",
              "label": {
                "ar": "لون النص",
                "en": "Text color"
              }
            },
            {
              "id": "url",
              "type": "url",
              "label": {
                "ar": "الرابط",
                "en": "Link"
              }
            }
          ]
        },
        {
          "id": "page_display",
          "type": "select",
          "label": {
            "ar": "عرض شريط التنبيهات في",
            "en": "Display announcement bar in"
          },
          "options": [
            {
              "value": "all",
              "label": {
                "ar": "جميع الصفحات",
                "en": "All pages"
              }
            },
            {
              "value": "home",
              "label": {
                "ar": "الصفحة الرئيسية فقط",
                "en": "Home page only"
              }
            }
          ]
        }
      ]
    }
  ]
}
