{
  "section_id": "uuid",
  "template": "sections/about-us.jinja",
  "icon": "fal fa-presentation",
  "name": {
    "ar": "من نحن",
    "en": "About Us"
  },
  "settings": [
    {
      "id": "hide_element",
      "type": "checkbox",
      "label": {
        "ar": "إخفاء العنصر من الصفحة",
        "en": "Hide element from page"
      }
    },
    {
      "id": "image",
      "type": "image",
      "label": {
        "ar": "الصورة",
        "en": "Image"
      }
    },
    {
      "id": "video",
      "type": "video",
      "label": {
        "ar": "الفيديو",
        "en": "Video"
      }
    },
    {
      "id": "sub_title",
      "type": "text",
      "label": {
        "ar": "العنوان الفرعي",
        "en": "Sub title"
      }
    },
    {
      "id": "title",
      "type": "text",
      "label": {
        "ar": "العنوان الرئيسي",
        "en": "Title"
      }
    },
    {
      "id": "des",
      "type": "textarea",
      "label": {
        "ar": "نص توضيحي",
        "en": "Description"
      }
    },
    {
      "id": "btn_text",
      "type": "text",
      "label": {
        "ar": "نص الزر",
        "en": "Button text"
      }
    },
    {
      "id": "url",
      "type": "url",
      "label": {
        "ar": "الرابط",
        "en": "Link"
      }
    }
  ]
}

