{
  "section_id": "uuid",
  "template": "sections/category-list.jinja",
  "icon": "fal fa-cabinet-filing",
  "name": {
    "ar": "تصنيفات ثابتة",
    "en": "static categories"
  },
  "settings": [
    {
      "id": "hide_element",
      "type": "checkbox",
      "label": {
        "ar": "إخفاء العنصر من الصفحة",
        "en": "Hide element from page"
      }
    },
    {
      "id": "small_subtitle",
      "type": "text",
      "label": {
        "ar": "عنوان ترويجي",
        "en": "Promotional title"
      }
    },
    {
      "id": "title",
      "type": "text",
      "label": {
        "ar": "العنوان الرئيسي",
        "en": "title"
      }
    },
    {
      "id": "small_text",
      "type": "text",
      "label": {
        "ar": "نص اضافي",
        "en": "additional text"
      }
    },
    {
      "id": "categories",
      "type": "list",
      "label": {
        "ar": "التصنيف",
        "en": "category"
      },
      "settings": [
        {
          "id": "image",
          "type": "image",
          "label": {
            "ar": "الصورة",
            "en": "Image"
          },
          "info": {
            "ar": "مقاس الصورة 200 عرض * 200 طول",
            "en": "Image size: 200 width * 200 height"
          }
        },
        {
          "id": "category_title",
          "type": "text",
          "label": {
            "ar": "العنوان",
            "en": "title"
          }
        },
        {
          "id": "color_title",
          "type": "color",
          "label": {
            "ar": "لون العنوان",
            "en": "Title color"
          }
        },
        {
          "id": "sub_title",
          "type": "text",
          "label": {
            "ar": "العنوان الفرعي",
            "en": "Sub title"
          }
        },
        {
          "id": "color_sub_title",
          "type": "color",
          "label": {
            "ar": "لون العنوان الفرعي",
            "en": "Sub title color"
          }
        },
        {
          "id": "url",
          "type": "url",
          "label": {
            "ar": "الرابط",
            "en": "Link"
          }
        }
      ]
    }
  ]
}
