{
  "section_id": "uuid",
  "template": "sections/offers.jinja",
  "icon": "fal fa-presentation",
  "name": {
    "ar": "خصومات شكل 2",
    "en": "Discounts Style 2"
  },
  "settings": [
    {
      "id": "hide_element",
      "type": "checkbox",
      "label": {
        "ar": "إخفاء العنصر من الصفحة",
        "en": "Hide element from page"
      }
    },
    {
      "id": "background_color",
      "type": "color",
      "label": {
        "ar": "لون الخلفية",
        "en": "Background color"
      }
    },
    {
      "id": "text_color",
      "type": "color",
      "label": {
        "ar": "لون النص",
        "en": "Text color"
      }
    },
    {
      "id": "image",
      "type": "image",
      "label": {
        "ar": "الصورة",
        "en": "Image"
      }
    },
    {
      "id": "img_fit",
      "type": "radio",
      "label": {
        "ar": "طريقة عرض الصورة",
        "en": "Image Display Mode"
      },
      "options": [
        {
          "value": "cover",
          "label": {
            "ar": "الصورة كغلاف",
            "en": "Image as Cover"
          }
        },
        {
          "value": "contain",
          "label": {
            "ar": "الصورة بالكامل",
            "en": "Full Image"
          }
        }
      ],
      "default": "contain"
    },
    {
      "id": "title",
      "type": "text",
      "label": {
        "ar": "العنوان الرئيسي",
        "en": "Title"
      }
    },
    {
      "id": "sub_title",
      "type": "text",
      "label": {
        "ar": "العنوان الفرعي",
        "en": "Sub title"
      }
    },
    {
      "id": "date",
      "type": "text",
      "label": {
        "ar": "مثال: 22/5/2025 - نهاية الخصم",
        "en": "end date example: 22/5/2025"
      }
    },
    {
      "id": "btn_text",
      "type": "text",
      "label": {
        "ar": "نص الزر",
        "en": "Button text"
      }
    },
    {
      "id": "url",
      "type": "url",
      "label": {
        "ar": "الرابط",
        "en": "Link"
      }
    }
  ]
}
