{
  "section_id": "uuid",
  "template": "sections/points-products.jinja",
  "icon": "fal fa-presentation",
  "name": {
    "ar": "منتجات على الصورة",
    "en": "Products on Image"
  },
  "settings": [
    {
      "id": "hide_element",
      "type": "checkbox",
      "label": {
        "ar": "إخفاء العنصر من الصفحة",
        "en": "Hide element from page"
      }
    },
    {
      "id": "small_subtitle",
      "type": "text",
      "label": {
        "ar": "عنوان ترويجي",
        "en": "Promotional title"
      }
    },
    {
      "id": "title",
      "type": "text",
      "label": {
        "ar": "العنوان الرئيسي",
        "en": "Title"
      }
    },
    {
      "id": "small_text",
      "type": "text",
      "label": {
        "ar": "نص اضافي",
        "en": "Additional text"
      }
    },
    {
      "id": "image",
      "type": "image",
      "label": {
        "ar": "الصورة",
        "en": "Image"
      },
      "info": {
        "ar": "مقاس الصورة 1669 عرض * 700 طول",
        "en": "Image size: 1669 width * 700 height"
      }
    },
    {
      "id": "products_list",
      "type": "list",
      "max_items": 100,
      "label": {
        "ar": "المنتج",
        "en": "Product"
      },
      "settings": [
        {
          "id": "from_top",
          "type": "text",
          "label": {
            "ar": "النسبة من الاعلي",
            "en": "Percentage from the top"
          }
        },
        {
          "id": "from_right",
          "type": "text",
          "label": {
            "ar": "النسبة من اليمين",
            "en": "Percentage from the right"
          }
        },
        {
          "id": "product",
          "type": "product",
          "label": {
            "ar": "اختر المنتج",
            "en": "Select product"
          }
        }
      ]
    }
  ]
}
