{
  "section_id": "uuid",
  "template": "sections/quick-links.jinja",
  "icon": "fal fa-sparkles",
  "name": {
    "ar": "روابط سريعة",
    "en": "quick links"
  },
  "settings": [
    {
      "id": "hide_element",
      "type": "checkbox",
      "label": {
        "ar": "إخفاء العنصر من الصفحة",
        "en": "Hide element from page"
      }
    },
    {
      "id": "autoplay_enabled",
      "type": "checkbox",
      "label": {
        "ar": "تشغيل التحريك التلقائي",
        "en": "Enable autoplay"
      }
    },
    {
      "id": "small_subtitle",
      "type": "text",
      "label": {
        "ar": "عنوان ترويجي",
        "en": "Promotional title"
      }
    },
    {
      "id": "title",
      "type": "text",
      "label": {
        "ar": "العنوان الرئيسي",
        "en": "title"
      }
    },
    {
      "id": "small_text",
      "type": "text",
      "label": {
        "ar": "نص إضافي",
        "en": "additional text"
      }
    },
    {
      "id": "fixed_links_on_mobile",
      "type": "checkbox",
      "label": {
        "ar": "إظهار الروابط ثابتة في الجوال",
        "en": "Show links fixed on mobile"
      }
    },
    {
      "id": "quick_links",
      "type": "list",
      "label": {
        "ar": "الروابط السريعة",
        "en": "Quick links"
      },
      "max_items": 100,
      "settings": [
        {
          "id": "image",
          "type": "image",
          "label": {
            "ar": "الصورة",
            "en": "Image"
          },
          "info": {
            "ar": "مقاس الصورة 136 عرض × 200 طول",
            "en": "Image size: 136 width × 200 height"
          }
        },
        {
          "id": "url",
          "type": "url",
          "label": {
            "ar": "الرابط",
            "en": "Link"
          }
        }
      ]
    }
  ]
}
