{
  "section_id": "uuid",
  "template": "sections/video.jinja",
  "icon": "fa fa-play",
  "name": {
    "ar": "فيديو",
    "en": "Video"
  },
  "display": true,
  "settings": [
    {
      "id": "hide_element",
      "type": "checkbox",
      "label": {
        "ar": "إخفاء العنصر من الصفحة",
        "en": "Hide element from page"
      }
    },
    {
      "id": "remove_transparent_layer",
      "type": "checkbox",
      "label": {
        "ar": "إزالة الطبقة الشفافة",
        "en": "Remove transparent layer"
      }
    },
    {
      "id": "video",
      "type": "video",
      "label": {
        "ar": "الفيديو",
        "en": "Video"
      },
      "info": {
        "ar": "مقاس الفيديو 1669 عرض × 771 طول",
        "en": "Video size: 1669 width × 771 height"
      }
    },
    {
      "id": "video_mobile",
      "type": "video",
      "label": {
        "ar": "فيديو للجوال",
        "en": "Video for Mobile"
      },
      "info": {
        "ar": "مقاس الفيديو 768 عرض × 566 طول",
        "en": "Video size: 768 width × 566 height"
      }
    },
    {
      "id": "title",
      "type": "text",
      "label": {
        "ar": "العنوان الرئيسي",
        "en": "Title"
      }
    },
    {
      "id": "dynamic_words",
      "type": "list",
      "label": {
        "ar": "الكلمات الديناميكية",
        "en": "Dynamic Words"
      },
      "max_items": 100,
      "settings": [
        {
          "id": "word",
          "type": "text",
          "label": {
            "ar": "الكلمة",
            "en": "Word"
          }
        }
      ]
    },
    {
      "id": "text_word",
      "type": "color",
      "label": {
        "ar": "لون الكلمات",
        "en": "Text words"
      }
    },
    {
      "id": "sub_title",
      "type": "textarea",
      "label": {
        "ar": "نص توضيحي",
        "en": "Description"
      }
    },
    {
      "id": "btn_text",
      "type": "text",
      "label": {
        "ar": "نص الزر",
        "en": "Btn text"
      }
    },
    {
      "id": "url",
      "type": "url",
      "label": {
        "ar": "الرابط",
        "en": "Link"
      }
    }
  ]
}
